title,original_price,current_price
Đội quân Doraemon đặc biệt - Tập 9,"22,000₫","19,800₫"
Đội quân Doraemon đặc biệt - Tập 5,"22,000₫","19,800₫"
Doraemon Movie Story - Nobita và hòn đảo d...,"30,000₫","27,000₫"
Doraemon Movie Story - Nobita và viện bảo ...,"30,000₫","27,000₫"
Doraemon tranh truyện màu - Nobita và cuộc...,"30,000₫","27,000₫"
Doraemon tranh truyện màu - Nobita vũ trụ ...,"30,000₫","27,000₫"
Doraemon tranh truyện màu - Kỉ niệm về bà,"30,000₫","27,000₫"
Doraemon bóng chày - Truyền kì về bóng chà...,"22,000₫","19,800₫"
Doraemon bóng chày - Truyền kì về bóng chà...,"22,000₫","19,800₫"
Doraemon bóng chày - Truyền kì về bóng chà...,"22,000₫","19,800₫"
Doraemon tranh truyện màu - Doraemi và Đội...,"30,000₫","27,000₫"
Doraemon thế giới khoa học - Khí hậu và th...,"45,000₫","40,500₫"
Doraemon thế giới khoa học - Thế giới robot,"45,000₫","40,500₫"
Doraemon thế giới khoa học - Thế giới diệu kì,"45,000₫","40,500₫"
Doraemon thế giới khoa học - Động vật và t...,"45,000₫","40,500₫"
Doraemon thế giới khoa học - Ánh sáng và â...,"45,000₫","40,500₫"
Doraemon Movie Story - Nobita và vùng đất...,"35,000₫","31,500₫"
Doraemon Plus - Tập 6,"22,000₫","19,800₫"
Doraemon Plus - Tập 5,"22,000₫","19,800₫"
Doraemon Plus - Tập 2,"22,000₫","19,800₫"
Doraemon Plus - Tập 1,"22,000₫","19,800₫"
Doraemon - Tuyển tập theo chủ đề - Tập 8 -...,"35,000₫","31,500₫"
Doraemon - Tuyển tập theo chủ đề - Tập 7 -...,"35,000₫","31,500₫"
Doraemon - Tuyển tập theo chủ đề - Tập 4 -...,"35,000₫","31,500₫"
Doraemon - Tuyển tập theo chủ đề - Tập 2 -...,"35,000₫","31,500₫"
Đội quân Doraemon đặc biệt - Tập 4,"22,000₫","19,800₫"
Đội quân Doraemon đặc biệt - Tập 12,"22,000₫","19,800₫"
Đội quân Doraemon đặc biệt - Tập 1,"22,000₫","19,800₫"
Doraemon bóng chày - Truyền kì về bóng chà...,"22,000₫","19,800₫"
Doraemon tuyển tập tranh truyện màu - Tập 6,"50,000₫","45,000₫"
Doraemon tuyển tập tranh truyện màu - Tập 3,"50,000₫","45,000₫"
Doraemon tuyển tập tranh truyện màu - Tập 2,"50,000₫","45,000₫"
Doraemon tuyển tập tranh truyện màu - Tập 1,"50,000₫","45,000₫"
Doraemon tuyển tập tranh truyện màu kĩ thu...,"30,000₫","27,000₫"
Doraemon tuyển tập theo chủ đề - Tập 1 - N...,"35,000₫","31,500₫"
Doraemon Tranh truyện màu - Đêm trước đám ...,"30,000₫","27,000₫"
Doraemon truyện ngắn - Tập 40,"22,000₫","19,800₫"
Doraemon truyện ngắn - Tập 37,"22,000₫","19,800₫"
Doraemon truyện ngắn - Tập 30,"22,000₫","19,800₫"
Doraemon truyện ngắn - Tập 4,"22,000₫","19,800₫"
Doraemon tranh truyện màu - Năm 2112 Dorae...,"30,000₫","27,000₫"
Doraemon Plus - Tập 4,"22,000₫","19,800₫"
Doraemon Plus - Tập 3,"22,000₫","19,800₫"
Đội quân Doraemon đặc biệt - Tập 6,"22,000₫","19,800₫"
Đội quân Doraemon đặc biệt - Tập 3,"22,000₫","19,800₫"
Đội quân Doraemon đặc biệt - Tập 2,"22,000₫","19,800₫"
Doraemon bóng chày - Truyền kì về bóng chà...,"22,000₫","19,800₫"
Doraemon bóng chày - Truyền kì về bóng chà...,"22,000₫","19,800₫"
Doraemon truyện ngắn - Tập 43,"22,000₫","19,800₫"
Doraemon truyện ngắn - Tập 42,"22,000₫","19,800₫"
Doraemon truyện ngắn - Tập 41,"22,000₫","19,800₫"
Doraemon truyện ngắn - Tập 24,"22,000₫","19,800₫"
Doraemon truyện ngắn - Tập 22,"22,000₫","19,800₫"
Doraemon truyện ngắn - Tập 21,"22,000₫","19,800₫"
Doraemon truyện ngắn - Tập 44,"22,000₫","19,800₫"
Doraemon truyện ngắn - Tập 39,"22,000₫","19,800₫"
Doraemon truyện ngắn - Tập 35,"22,000₫","19,800₫"
Doraemon truyện ngắn - Tập 23,"22,000₫","19,800₫"
Doraemon truyện ngắn - Tập 19,"22,000₫","19,800₫"
Doraemon truyện ngắn - Tập 18,"22,000₫","19,800₫"
Doraemon truyện ngắn - Tập 14,"22,000₫","19,800₫"
Doraemon truyện ngắn - Tập 9,"22,000₫","19,800₫"
Doraemon Hoạt hình màu - Nobita và Viện bả...,"35,000₫","31,500₫"
Doraemon truyện ngắn - Tập 45,"22,000₫","19,800₫"
Doraemon truyện ngắn - Tập 34,"22,000₫","19,800₫"
Doraemon truyện ngắn - Tập 32,"22,000₫","19,800₫"
Doraemon truyện ngắn - Tập 31,"22,000₫","19,800₫"
Doraemon truyện ngắn - Tập 29,"22,000₫","19,800₫"
Doraemon truyện ngắn - Tập 28,"22,000₫","19,800₫"
Doraemon truyện ngắn - Tập 26,"22,000₫","19,800₫"
Doraemon truyện ngắn - Tập 25,"22,000₫","19,800₫"
Doraemon truyện ngắn - Tập 16,"22,000₫","19,800₫"
Doraemon truyện ngắn - Tập 10,"22,000₫","19,800₫"
Doraemon truyện ngắn - Tập 5,"22,000₫","19,800₫"
Doraemon tuyển tập theo chủ đề - Tập 9 - N...,"35,000₫","31,500₫"
Doraemon tuyển tập theo chủ đề - Tập 6 - N...,"35,000₫","31,500₫"
Doraemon tuyển tập theo chủ đề - Tập 5 - N...,"35,000₫","31,500₫"
Doraemon truyện dài - Tập 12 - Nobita và v...,"22,000₫","19,800₫"
Doraemon truyện dài - Tập 1 - Chú khủng lo...,"22,000₫","19,800₫"
Doraemon phiên bản điện ảnh màu - Đêm trướ...,"60,000₫","54,000₫"
Doraemon phiên bản điện ảnh màu - Nobita v...,"60,000₫","54,000₫"
Doraemon phiên bản điện ảnh màu - Nobita v...,"60,000₫","54,000₫"
Doraemon phiên bản điện ảnh màu - Nobita ở...,"60,000₫","54,000₫"
Doraemon truyện dài - Tập 24 - Nobita ở vư...,"22,000₫","19,800₫"
Doraemon truyện dài - Tập 18 - Nobita du h...,"22,000₫","19,800₫"
Doraemon truyện dài - Tập 2 - Nobita và lị...,"22,000₫","19,800₫"
Doraemon Tranh truyện màu - Nobita Tây du ...,"30,000₫","27,000₫"
Doraemon Tranh truyện màu - Nobita Tây du ...,"30,000₫","27,000₫"
Doraemon truyện dài - Tập 15 - Đấng toàn n...,"22,000₫","19,800₫"
Doraemon truyện dài - Tập 14 - Nobita và b...,"22,000₫","19,800₫"
Doraemon truyện dài - Tập 23 - Nobita và n...,"22,000₫","19,800₫"
Doraemon truyện dài - Tập 4 - Nobita và lâ...,"22,000₫","19,800₫"
Doraemon truyện dài - Tập 22 - Nobita và v...,"22,000₫","19,800₫"
Doraemon truyện dài - Tập 21 - Nobita và n...,"22,000₫","19,800₫"
Doraemon truyện dài - Tập 17 - Nobita và c...,"22,000₫","19,800₫"
Doraemon - Nobita và những hiệp sĩ không g...,"30,000₫","27,000₫"
Doraemon - Nobita và người khổng lồ xanh,"30,000₫","27,000₫"
Doraemon - Nobita và cuộc đại thủy chiến ở...,"30,000₫","27,000₫"
Doraemon truyện dài - Tập 20 - Nobita và t...,"22,000₫","19,800₫"
Doraemon truyện dài - Tập 19 - Nobita - Vũ...,"22,000₫","19,800₫"
Doraemon truyện dài - Tập 16 - Nobita và c...,"22,000₫","19,800₫"
Doraemon truyện dài - Tập 13 - Nobita và m...,"22,000₫","19,800₫"
Doraemon truyện ngắn - Tập 38,"22,000₫","19,800₫"
Doraemon truyện ngắn - Tập 36,"22,000₫","19,800₫"
Doraemon truyện ngắn - Tập 33,"22,000₫","19,800₫"
Doraemon truyện ngắn - Tập 20,"22,000₫","19,800₫"
Doraemon truyện ngắn - Tập 11,"22,000₫","19,800₫"
Doraemon truyện ngắn - Tập 8,"22,000₫","19,800₫"
Doraemon truyện ngắn - Tập 3,"22,000₫","19,800₫"
Doraemon truyện ngắn - Tập 2,"22,000₫","19,800₫"
Doraemon truyện dài - Tập 11 - Nobita ở xứ...,"22,000₫","19,800₫"
Doraemon truyện dài - Tập 10 - Nobita và h...,"22,000₫","19,800₫"
Doraemon truyện ngắn - Tập 7,"22,000₫","19,800₫"
Doraemon truyện ngắn - Tập 6,"22,000₫","19,800₫"
Doraemon truyện ngắn - Tập 13,"22,000₫","19,800₫"
Doraemon truyện ngắn - Tập 12,"22,000₫","19,800₫"
Doraemon truyện ngắn - Tập 1,"22,000₫","19,800₫"
Doraemon truyện ngắn - Tập 27,"22,000₫","19,800₫"
Doraemon truyện ngắn - Tập 17,"22,000₫","19,800₫"
Doraemon truyện ngắn - Tập 15,"22,000₫","19,800₫"
Doraemon truyện dài - Tập 9 - Nobita và nư...,"22,000₫","19,800₫"
Doraemon truyện dài - Tập 8 - Nobita và hi...,"22,000₫","19,800₫"
Doraemon truyện dài - Tập 7 - Nobita và bi...,"22,000₫","19,800₫"
Doraemon truyện dài - Tập 6 - Nobita và cu...,"22,000₫","19,800₫"
Doraemon truyện dài - Tập 5 - Nobita và ch...,"22,000₫","19,800₫"
Doraemon truyện dài - Tập 3 - Nobita thám ...,"22,000₫","19,800₫"
Đội quân Doraemon đặc biệt - Tập 2 (2022),"18,000₫","16,200₫"
Doraemon bóng chày - Truyền kì về bóng chà...,"18,000₫","16,200₫"
Doraemon Plus - Tập 6 (2022),"18,000₫","16,200₫"
Tớ rất yêu Doraemon,"128,000₫","115,200₫"
Doraemon đố vui - Tập 4 (2022),"30,000₫","27,000₫"
Doraemon đố vui - Tập 2 (2022),"30,000₫","27,000₫"
Doraemon bóng chày - Truyền kì về bóng chà...,"18,000₫","16,200₫"
Doraemon bóng chày - Truyền kì về bóng chà...,"18,000₫","16,200₫"
Doraemon tuyển tập theo chủ đề - Tập 3 - T...,"35,000₫","31,500₫"
Doraemon bóng chày - Truyền kì về bóng chà...,"18,000₫","16,200₫"
Doraemon bóng chày - Truyền kì về bóng chà...,"18,000₫","16,200₫"
Đội quân Doraemon - Tập 5 (2022),"22,000₫","19,800₫"
Đội quân Doraemon đặc biệt - Trường học Ro...,"22,000₫","19,800₫"
Đội quân Doraemon đặc biệt - Trường học Ro...,"22,000₫","19,800₫"
Đội quân Doraemon đặc biệt - Tập 9 (2022),"18,000₫","16,200₫"
Doraemon tuyển tập tranh truyện màu - Tập ...,"40,000₫","36,000₫"
Doraemon bóng chày - Truyền kì về bóng chà...,"18,000₫","16,200₫"
Đội quân Doraemon - Tập 6 (2022),"22,000₫","19,800₫"
Đội quân Doraemon - Tập 4 (2022),"22,000₫","19,800₫"
Đội quân Doraemon - Tập 3 (2022),"22,000₫","19,800₫"
Đội quân Doraemon - Tập 2 (2022),"22,000₫","19,800₫"
Đội quân Doraemon - Tập 1 (2022),"22,000₫","19,800₫"
Doraemon - Nobita và cuộc đại thủy chiến ở...,"30,000₫","27,000₫"
Doraemon - Nobita và người khổng lồ xanh (...,"30,000₫","27,000₫"
Doraemon bóng chày - Truyền kì về bóng chà...,"18,000₫","16,200₫"
Doraemon bóng chày - Truyền kì về bóng chà...,"18,000₫","16,200₫"
Doraemon hoạt hình màu - Tập 2,"35,000₫","31,500₫"
Doraemon hoạt hình màu - Tập 1,"35,000₫","31,500₫"
Doraemon tuyển tập tranh truyện màu kĩ thu...,"25,000₫","22,500₫"
Doraemon tuyển tập tranh truyện màu kĩ thu...,"25,000₫","22,500₫"
Doraemon Movie Story - Tân Nobita và chuyế...,"30,000₫","27,000₫"
Doraemon Movie Story - Nobita và viện bảo ...,"30,000₫","27,000₫"
Doraemon Movie Story - Nobita và hòn đảo d...,"30,000₫","27,000₫"
45 chương mở đầu bộ truyện ngắn Doraemon -...,"40,000₫","36,000₫"
45 chương mở đầu bộ truyện ngắn Doraemon -...,"40,000₫","36,000₫"
Đội quân Doraemon đặc biệt - Tập 6 (2022),"18,000₫","16,200₫"
Doraemon bóng chày - Truyền kì về bóng chà...,"18,000₫","16,200₫"
Doraemon bóng chày - Truyền kì về bóng chà...,"18,000₫","16,200₫"
Doraemon bóng chày - Truyền kì về bóng chà...,"18,000₫","16,200₫"
Doraemon truyện ngắn - Tập 37 (2022),"18,000₫","16,200₫"
Doraemon truyện ngắn - Tập 35 (2022),"18,000₫","16,200₫"
Doraemon truyện ngắn - Tập 45 (2022),"18,000₫","16,200₫"
Doraemon truyện ngắn - Tập 19 (2022),"18,000₫","16,200₫"
Doraemon truyện ngắn - Tập 18 (2022),"18,000₫","16,200₫"
Doraemon tuyển tập theo chủ đề - Tập 8 - T...,"35,000₫","31,500₫"
Doraemon tuyển tập theo chủ đề - Tập 7 - Đ...,"35,000₫","31,500₫"
Doraemon tuyển tập theo chủ đề - Tập 4 - T...,"35,000₫","31,500₫"
Doraemon tuyển tập tranh truyện màu - Tập ...,"40,000₫","36,000₫"
Doraemon tuyển tập tranh truyện màu - Tập ...,"40,000₫","36,000₫"
Doraemon truyện ngắn - Tập 32 (2022),"18,000₫","16,200₫"
Doraemon truyện ngắn - Tập 31 (2022),"18,000₫","16,200₫"
Doraemon truyện ngắn - Tập 28 (2022),"18,000₫","16,200₫"
Doraemon truyện ngắn - Tập 25 (2022),"18,000₫","16,200₫"
Doraemon truyện ngắn - Tập 24 (2022),"18,000₫","16,200₫"
Doraemon truyện ngắn - Tập 23 (2022),"18,000₫","16,200₫"
Doraemon truyện ngắn - Tập 22 (2022),"18,000₫","16,200₫"
Doraemon truyện ngắn - Tập 21 (2022),"18,000₫","16,200₫"
Doraemon tranh truyện màu - Nobita và chuy...,"25,000₫","22,500₫"
Doraemon tranh truyện màu - Nobita và chuy...,"25,000₫","22,500₫"
Doraemon tranh truyện màu - Nobita vũ trụ ...,"25,000₫","22,500₫"
Doraemon tranh truyện màu - Nobita vũ trụ ...,"25,000₫","22,500₫"
Doraemon tranh truyện màu - Nobita và chuy...,"25,000₫","22,500₫"
Doraemon tranh truyện màu - Nobita và chuy...,"25,000₫","22,500₫"
Doraemon tranh truyện màu - Nobita và truy...,"25,000₫","22,500₫"
Doraemon tranh truyện màu - Nobita và truy...,"25,000₫","22,500₫"
Doraemon truyện ngắn - Tập 20 (2022),"18,000₫","16,200₫"
Doraemon truyện ngắn - Tập 14 (2022),"18,000₫","16,200₫"
Doraemon truyện ngắn - Tập 6 (2022),"18,000₫","16,200₫"
Doraemon Bóng chày - Truyền kì về bóng chà...,"18,000₫","16,200₫"
Doraemon bảo bối - Tập 2 (2022),"30,000₫","27,000₫"
Doraemon bảo bối - Tập 1 (2022),"30,000₫","27,000₫"
Doraemon đố vui - Tập 1 (2022),"30,000₫","27,000₫"
Doraemon Tuyển tập tranh truyện màu kĩ thu...,"25,000₫","22,500₫"
Doraemon truyện dài - Tập 19 - Nobita - Vũ...,"18,000₫","16,200₫"
Doraemon truyện dài - Tập 17 - Nobita và c...,"18,000₫","16,200₫"
Doraemon truyện dài - Tập 16 - Nobita và c...,"18,000₫","16,200₫"
Doraemon bóng chày - Truyền kì về bóng chà...,"18,000₫","16,200₫"
Doraemon bóng chày - Truyền kì về bóng chà...,"18,000₫","16,200₫"
Doraemon bóng chày - Truyền kì về bóng chà...,"18,000₫","16,200₫"
Doraemon truyện dài - Tập 22 - Nobita và v...,"18,000₫","16,200₫"
Doraemon truyện ngắn - Tập 33 (2022),"18,000₫","16,200₫"
Doraemon truyện ngắn - Tập 26 (2022),"18,000₫","16,200₫"
Doraemon truyện ngắn - Tập 17 (2022),"18,000₫","16,200₫"
Doraemon truyện ngắn - Tập 13 (2022),"18,000₫","16,200₫"
Doraemon truyện ngắn - Tập 12 (2022),"18,000₫","16,200₫"
Doraemon truyện ngắn - Tập 11 (2022),"18,000₫","16,200₫"
Doraemon truyện ngắn - Tập 9 (2022),"18,000₫","16,200₫"
Doraemon truyện ngắn - Tập 44 (2022),"18,000₫","16,200₫"
Doraemon truyện ngắn - Tập 39 (2022),"18,000₫","16,200₫"
Doraemon truyện ngắn - Tập 36 (2022),"18,000₫","16,200₫"
Doraemon truyện ngắn - Tập 34 (2022),"18,000₫","16,200₫"
Doraemon truyện ngắn - Tập 29 (2022),"18,000₫","16,200₫"
Doraemon truyện ngắn - Tập 40 (2022),"18,000₫","16,200₫"
Doraemon truyện ngắn - Tập 30 (2022),"18,000₫","16,200₫"
Doraemon truyện ngắn - Tập 16 (2022),"18,000₫","16,200₫"
Doraemon tuyển tập theo chủ đề - Tập 10 - ...,"35,000₫","31,500₫"
Doraemon tuyển tập theo chủ đề - Tập 9 - N...,"35,000₫","31,500₫"
Doraemon tuyển tập theo chủ đề - Tập 6 - N...,"35,000₫","31,500₫"
Doraemon tuyển tập theo chủ đề - Tập 5 - N...,"35,000₫","31,500₫"
Doraemon tuyển tập tranh truyện màu kĩ thu...,"25,000₫","22,500₫"
Đội quân Doraemon đặc biệt - Tập 11 (2022),"18,000₫","16,200₫"
Đội quân Doraemon đặc biệt - Tập 10 (2022),"18,000₫","16,200₫"
Đội quân Doraemon đặc biệt - Tập 8 (2022),"18,000₫","16,200₫"
Đội quân Doraemon đặc biệt - Tập 7 (2022),"18,000₫","16,200₫"
Đội quân Doraemon đặc biệt - Tập 5 (2022),"18,000₫","16,200₫"
Đội quân Doraemon đặc biệt - Tập 1 (2022),"18,000₫","16,200₫"
Túi thần kì của Doraemon,"39,000₫","35,100₫"
Doraemon truyện dài - Tập 23 - Nobita và n...,"18,000₫","16,200₫"
Doraemon truyện dài - Tập 5 - Nobita và ch...,"18,000₫","16,200₫"
Doraemon truyện dài - Tập 4 - Nobita và lâ...,"18,000₫","16,200₫"
Doraemon - Đội thám hiểm tại sao - Tập 2,"25,000₫","22,500₫"
Doraemon - Đội thám hiểm tại sao - Tập 1,"25,000₫","22,500₫"
Đội quân Doraemon đặc biệt - Tập 12 (2022),"18,000₫","16,200₫"
Đội quân Doraemon đặc biệt - Tập 4 (2022),"18,000₫","16,200₫"
Đội quân Doraemon đặc biệt - Tập 3 (2022),"18,000₫","16,200₫"
Doraemon bóng chày - Truyền kì về bóng chà...,"18,000₫","16,200₫"
Doraemon bóng chày - Truyền kì về bóng chà...,"18,000₫","16,200₫"
Doraemon bóng chày - Truyền kì về bóng chà...,"18,000₫","16,200₫"
Doraemon bóng chày - Truyền kì về bóng chà...,"18,000₫","16,200₫"
Doraemon Tranh truyện màu - Nobita Tây du ...,"25,000₫","22,500₫"
Doraemon Tranh truyện màu - Nobita Tây du ...,"25,000₫","22,500₫"
Doraemon Tranh truyện màu - Nobita và cuộc...,"25,000₫","22,500₫"
Doraemon Tranh truyện màu - Nobita và cuộc...,"25,000₫","22,500₫"
Doraemon tranh truyện màu - Dorami và đội ...,"25,000₫","22,500₫"
Doraemon Tranh truyện màu - Đêm trước đám ...,"25,000₫","22,500₫"
Doraemon tuyển tập theo chủ đề - Tập 1 - N...,"35,000₫","31,500₫"
Doraemon truyện dài - Tập 18 - Nobita du h...,"18,000₫","16,200₫"
Doraemon tuyển tập tranh truyện màu - Tập ...,"40,000₫","36,000₫"
Doraemon tuyển tập tranh truyện màu - Tập ...,"40,000₫","36,000₫"
Doraemon tuyển tập tranh truyện màu - Tập ...,"40,000₫","36,000₫"
Doraemon truyện ngắn - Tập 43 (2022),"18,000₫","16,200₫"
Doraemon truyện ngắn - Tập 42 (2022),"18,000₫","16,200₫"
Doraemon truyện ngắn - Tập 41 (2022),"18,000₫","16,200₫"
Doraemon truyện ngắn - Tập 3,"18,000₫","16,200₫"
Doraemon bóng chày - Truyền kì về bóng chà...,"18,000₫","16,200₫"
Doraemon tranh truyện màu - Kỉ niệm về bà ...,"25,000₫","22,500₫"
Doraemon tranh truyện màu - Đội quân Dorae...,"25,000₫","22,500₫"
Doraemon tranh truyện màu - Đội quân Dorae...,"25,000₫","22,500₫"
Doraemon bóng chày - Truyền kì về bóng chà...,"18,000₫","16,200₫"
Doraemon bóng chày - Truyền kì về bóng chà...,"18,000₫","16,200₫"
Doraemon bóng chày - Truyền kì về bóng chà...,"18,000₫","16,200₫"
Doraemon truyện ngắn - Tập 41 (2020),"18,000₫","16,200₫"
Doraemon tranh truyện nhi đồng - Chú khủng...,"35,000₫","31,500₫"
Doraemon đố vui - Tập 4 (2020),"30,000₫","27,000₫"
Doraemon đố vui - Tập 3 (2020),"30,000₫","27,000₫"
Doraemon đố vui - Tập 2 (2020),"30,000₫","27,000₫"
Doraemon bóng chày - Truyền kì về bóng chà...,"18,000₫","16,200₫"
Doraemon tranh truyện màu - Đấng toàn năng...,"25,000₫","22,500₫"
Doraemon tranh truyện màu - Đấng toàn năng...,"25,000₫","22,500₫"
Doraemon - Ngôi nhà nhỏ trên núi băng to (...,"39,000₫","35,100₫"
Fujiko F Fujio Đại tuyển tập - Doraemon tr...,"145,000₫","130,500₫"
Doraemon học tập - Thiên thể,"40,000₫","36,000₫"
Doraemon học tập - Thể dục dụng cụ,"40,000₫","36,000₫"
Doraemon học tập - Sinh vật học,"40,000₫","36,000₫"
Doraemon học tập - Phân số - Số thập phân,"40,000₫","36,000₫"
Doraemon học tập - Những trò chơi em yêu t...,"40,000₫","36,000₫"
Doraemon học tập - Những thí nghiệm thú vị,"40,000₫","36,000₫"
Doraemon học tập - Những bài toán thường gặp,"40,000₫","36,000₫"
Doraemon học tập - Nhân chia,"40,000₫","36,000₫"
Doraemon học tập - Làm quen với biểu đồ,"40,000₫","36,000₫"
Doraemon học tập - Hình khối,"40,000₫","36,000₫"
Doraemon học tập - Diện tích - Thể tích,"40,000₫","36,000₫"
Doraemon học tập - Điện năng - Âm thanh - ...,"40,000₫","36,000₫"
Doraemon học tập - Điền Kinh,"40,000₫","36,000₫"
Doraemon học tập - Cùng làm họa sĩ,"40,000₫","36,000₫"
Doraemon học tập - Cộng trừ,"40,000₫","36,000₫"
Doraemon học tập - Cách giải toán nhanh,"40,000₫","36,000₫"
Doraemon học tập - Các dạng toán nâng cao ...,"40,000₫","36,000₫"
Doraemon học tập - Các dạng toán nâng cao ...,"40,000₫","36,000₫"
Doraemon học tập - Bơi lội,"40,000₫","36,000₫"
Doraemon Plus - Tập 6 (2021),"18,000₫","16,200₫"
Doraemon tuyển tập tranh truyện màu kĩ thu...,"25,000₫","22,500₫"
Doraemon tuyển tập tranh truyện màu kĩ thu...,"25,000₫","22,500₫"
Bộ Doraemon - Tuyển tập những người thân y...,"180,000₫","162,000₫"
Doraemon đố vui - Tập 4 (2019),"30,000₫","27,000₫"
Doraemon phiên bản điện ảnh màu - Nobita v...,"50,000₫","45,000₫"
Doraemon phiên bản điện ảnh màu - Nobita t...,"50,000₫","45,000₫"
Doraemon phiên bản điện ảnh màu - Nobita t...,"50,000₫","45,000₫"
Doraemon phiên bản điện ảnh màu - Nobita v...,"50,000₫","45,000₫"
Doraemon phiên bản điện ảnh màu - Chú khủn...,"50,000₫","45,000₫"
Doraemon tranh truyện màu - Năm 2112 - Dor...,"25,000₫","22,500₫"
Doraemon tranh truyện màu - Đội quân Dorae...,"25,000₫","22,500₫"
Doraemon tranh truyện màu - Đội quân Dorae...,"25,000₫","22,500₫"
Doraemon phiên bản điện ảnh màu - Nobita v...,"50,000₫","45,000₫"
Doraemon phiên bản điện ảnh màu - Nobita v...,"50,000₫","45,000₫"
Doraemon phiên bản điện ảnh màu - Nobita v...,"50,000₫","45,000₫"
Doraemon bóng chày - Truyền kì về bóng chà...,"18,000₫","16,200₫"
Doraemon phiên bản điện ảnh màu - Nobita v...,"50,000₫","45,000₫"
Doraemon phiên bản điện ảnh màu - Nobita v...,"50,000₫","45,000₫"
Doraemon tranh truyện màu - Nobita và truy...,"22,500₫","20,250₫"
Doraemon tranh truyện màu - Nobita và cuộc...,"22,500₫","20,250₫"
Doraemon tranh truyện màu - Nobita và truy...,"22,500₫","20,250₫"
Doraemon tranh truyện màu - Nobita và cuộc...,"22,500₫","20,250₫"
Doraemon tranh truyện màu - Nobita và chuy...,"22,500₫","20,250₫"
Doraemon tranh truyện màu - Đội quân Dorae...,"22,500₫","20,250₫"
Doraemon - Phiên bản điện ảnh màu - Tập 13...,"45,000₫","40,500₫"
Doraemon - Phiên bản điện ảnh màu - Tập 14...,"45,000₫","40,500₫"
Doraemon tranh truyện màu - Đấng toàn năng...,"22,500₫","20,250₫"
Doraemon tranh truyện màu - Đấng toàn năng...,"22,500₫","20,250₫"
Fujiko F Fujio Đại tuyển tập - Doraemon tr...,"145,000₫","130,500₫"
Fujiko F Fujio Đại tuyển tập - Doraemon tr...,"115,000₫","103,500₫"
Fujiko F Fujio Đại tuyển tập - Doraemon tr...,"145,000₫","130,500₫"
"Doraemon - Những câu nói ""Bất hủ""","55,000₫","49,500₫"
Đội quân Doraemon đặc biệt - Trường học ro...,"18,000₫","16,200₫"
Đội quân Doraemon đặc biệt - Trường học ro...,"18,000₫","16,200₫"
Đội quân Doraemon đặc biệt - Tập 2 (2021),"18,000₫","16,200₫"
Đội quân Doraemon đặc biệt - Tập 1 (2021),"18,000₫","16,200₫"
Doraemon tuyển tập tranh truyện màu kĩ thu...,"25,000₫","22,500₫"
Doraemon bóng chày - Truyền kì về bóng chà...,"18,000₫","16,200₫"
Đội quân Doraemon - Tập 3 (2020),"18,000₫","16,200₫"
45 chương mở đầu bộ truyện ngắn Doraemon -...,"40,000₫","36,000₫"
Doraemon tuyển tập theo chủ đề - Tập 1 - N...,"35,000₫","31,500₫"
Tân Doraemon Bóng chày - Tập 3,"16,000₫","14,400₫"
Đội quân Doraemon đặc biệt - Tập 10 (2021),"18,000₫","16,200₫"
Doraemon tuyển tập tranh truyện màu - Tập ...,"40,000₫","36,000₫"
Fujiko F Fujio Đại tuyển tập - Doraemon tr...,"145,000₫","130,500₫"
Fujiko F Fujio Đại tuyển tập - Doraemon tr...,"145,000₫","130,500₫"
Doraemon thế giới khoa học - Ánh sáng và â...,"43,000₫","38,700₫"
Đội quân Doraemon đặc biệt - Tập 7 (2021),"18,000₫","16,200₫"
Đội quân Doraemon đặc biệt - Tập 5 (2021),"18,000₫","16,200₫"
Đội quân Doraemon đặc biệt - Tập 11 (2021),"18,000₫","16,200₫"
Tân Doraemon Bóng chày - Tập 1,"16,000₫","14,400₫"
Doraemon tuyển tập tranh truyện màu - Tập ...,"40,000₫","36,000₫"
Fujiko F Fujio Đại tuyển tập - Doraemon tr...,"145,000₫","130,500₫"
Tân Doraemon Bóng chày - Tập 4,"16,000₫","14,400₫"
Đội quân Doraemon đặc biệt - Tập 9 (2021),"18,000₫","16,200₫"
Doraemon học tập - Điện năng - Âm thanh - ...,"30,000₫","27,000₫"
Doraemon học tập - Làm quen với biểu đồ (2...,"30,000₫","27,000₫"
Doraemon phiên bản điện ảnh màu - Nobita v...,"50,000₫","45,000₫"
Doraemon truyện ngắn - Tập 33 (2021),"18,000₫","16,200₫"
Doraemon tranh truyện màu - Năm 2112 - Dor...,"25,000₫","22,500₫"
Doraemon tuyển tập tranh truyện màu - Tập ...,"40,000₫","36,000₫"
Doraemon tranh truyện màu - Nobita và chuy...,"25,000₫","22,500₫"
Doraemon tranh truyện màu - Đấng toàn năng...,"25,000₫","22,500₫"
Doraemon tranh truyện màu - Đấng toàn năng...,"25,000₫","22,500₫"
Doraemon tranh truyện màu - Nobita vũ trụ ...,"25,000₫","22,500₫"
Doraemon tranh truyện màu - Nobita và cuộc...,"25,000₫","22,500₫"
Đội quân Doraemon - Tập 2 (2020),"18,000₫","16,200₫"
Fujiko F Fujio Đại tuyển tập - Doraemon tr...,"145,000₫","130,500₫"
Đội quân Doraemon đặc biệt - Tập 1 (2020),"18,000₫","16,200₫"
Doraemon học tập - Thể dục dụng cụ (2019),"30,000₫","27,000₫"
Doraemon học tập - Các dạng toán nâng cao ...,"30,000₫","27,000₫"
Doraemon Plus - Tập 5 (2021),"18,000₫","16,200₫"
Doraemon phiên bản điện ảnh màu - Nobita v...,"50,000₫","45,000₫"
Doraemon tranh truyện màu - Nobita và cuộc...,"25,000₫","22,500₫"
Đội quân Doraemon đặc biệt - Tập 12 (2021),"18,000₫","16,200₫"
Doraemon tranh truyện màu - Đội quân Dorae...,"25,000₫","22,500₫"
Doraemon học tập - Những trò chơi em yêu t...,"30,000₫","27,000₫"
Doraemon học tập - Điền Kinh (2019),"30,000₫","27,000₫"
Doraemon học tập - Diện tích - Thể tích (2...,"30,000₫","27,000₫"
Đội quân Doraemon - Tập 4 (2020),"18,000₫","16,200₫"
Doraemon phiên bản điện ảnh màu - Nobita v...,"50,000₫","45,000₫"
Doraemon bóng chày - Truyền kì về bóng chà...,"18,000₫","16,200₫"
Doraemon bóng chày - Truyền kì về bóng chà...,"18,000₫","16,200₫"
Doraemon bóng chày - Truyền kì về bóng chà...,"18,000₫","16,200₫"
Fujiko F Fujio Đại tuyển tập - Doraemon Tr...,"145,000₫","130,500₫"
Đội quân Doraemon đặc biệt - Tập 3 (2021),"18,000₫","16,200₫"
Tân Doraemon Bóng chày - Tập 2,"16,000₫","14,400₫"
Fujiko F Fujio Đại tuyển tập - Doraemon Tr...,"145,000₫","130,500₫"
Doraemon tranh truyện nhi đồng - Chú khủng...,"25,000₫","22,500₫"
Doraemon - Đội thám hiểm tại sao - Tập 1 (...,"20,000₫","18,000₫"
Doraemon - Đội thám hiểm tại sao - Tập 2 (...,"20,000₫","18,000₫"
Doraemon - Nobita và những hiệp sĩ không g...,"28,000₫","25,200₫"
Doraemon hoạt hình màu - Tập 1 (2020),"35,000₫","31,500₫"
Doraemon tuyển tập tranh truyện màu kĩ thu...,"25,000₫","22,500₫"
Doraemon tuyển tập tranh truyện màu kĩ thu...,"25,000₫","22,500₫"
Doraemon tuyển tập tranh truyện màu kĩ thu...,"25,000₫","22,500₫"
Doraemon đố vui – Doraemon những cuộc phiê...,"30,000₫","27,000₫"
Doraemon bảo bối - Tập 2 (2021),"30,000₫","27,000₫"
Doraemon phiên bản điện ảnh màu - Nobita t...,"50,000₫","45,000₫"
Doraemon tranh truyện màu - Đội quân Dorae...,"25,000₫","22,500₫"
Doraemon - Ngôi nhà nhỏ trên núi băng to,"39,000₫","35,100₫"
Doraemon - Nobita và cuộc đại thủy chiến ở...,"28,000₫","25,200₫"
